被动ID,被动名称,触发时机,授予类型,效果描述,数值参数,来源文档,实现状态
PSV_001,荆棘,受击OnHit,状态效果,受击时对攻击者造成X点反击伤害,X=层数（示例：荆棘3）,敌人系统v2 §5.4/§15.3；边缘情况§86,未实现（运行时触发）
PSV_002,死亡自爆,死亡OnDeath,状态效果,死亡时对周围[范围]敌人造成X点伤害（默认带友伤,需勾选友伤才波及友军）,范围与X待定,敌人系统v2 §5.4；总策划案Boss,未实现
PSV_003,战前铁壁,回合开始OnTurnStart,状态效果,每次回合开始获得X点护甲（复用ArmorEffect）,X待定,敌人系统v2 §5.4,未实现
PSV_004,钝化附击,攻击OnAttack,状态效果,攻击命中时附带X层虚弱（复用WeaknessEffect）,X待定,敌人系统v2 §5.4,未实现
PSV_005,迅捷恢复,移动OnMove,状态效果,移动补给X点生命（复用HealEffect）,X待定,敌人系统v2 §5.4,未实现
PSV_006,移动力提升,常驻,属性修饰,战斗/探索移动力+X,delta=1（AttributeModifier.MoveRange）,敌人系统v2 §5.2/§5.4,未实现
PSV_007,视野提升,常驻,属性修饰,警戒/追击视野+X,delta=1（AttributeModifier.VisionRange）,敌人系统v2 §5.2/§5.4,未实现
PSV_008,能量容器,常驻,系统修饰（能量上限）,能量上限+X,基础9；X=3→上限12,公式F1.1,未实现
PSV_009,整备强化,整备OnTurnStart,系统修饰（整备回复）,整备能量回复值改写（默认补满至3,由被动定义）,基础补满至3,公式F1.2,未实现
PSV_010,抽牌强化,回合开始OnTurnStart,系统修饰（抽牌数）,每回合抽牌数+X,基础5,调优旋钮·每回合抽牌数,未实现
PSV_011,过载强化,常驻,系统修饰（能量过载次数）,每回合能量过载次数+X,基础3/回合,project_rules/总策划案,未实现
PSV_012,探索骰扩展,回合开始OnTurnStart,系统修饰（探索骰子获取）,每回合探索骰子+X（X=1即第5枚,由成长系统接入）,基础4/回合,公式F2.1,未实现（成长接入时启用）
PSV_013,战斗移动保底,常驻,系统修饰（战斗移动基础值）,战斗移动力至少3（「保底3」作为可装备被动,不投骰）,基础3,project_rules/F3.2,未实现
PSV_014,自由栏位扩展,常驻,属性修饰（自由栏位）,自由栏位上限+X,基础1,调优旋钮·自由栏位；总策划案,未实现
PSV_015,背包扩容,常驻,属性修饰（背包容量）,背包容量+X格,strCapacityCoef 1格/点,公式F4.2/project_rules,未实现
PSV_016,升级重投强化,常驻,系统修饰（重投）,升级重投固定+X（允许超过骰子原有上限）,X由卡牌/被动定义,公式F6.1,未实现